파생키워드,총검색수,월간검색수(PC),월간검색수(모바일),경쟁정도,월평균클릭수(모바일),월평균클릭률(모바일)
근처맛집,782400,21100,761300,높음,1022.4,0.15%
샤브올데이,740600,45600,695000,중간,2129.9,0.34%
쿠우쿠우,590100,35800,554300,낮음,1718.4,0.4%
부산가볼만한곳,176900,21100,155800,높음,1506.0,1.06%
초밥,123150,7850,115300,높음,122.8,0.12%
광안리맛집,109400,11500,97900,높음,290.6,0.32%
3월제철음식,106600,21000,85600,높음,61.0,0.08%
부산맛집,105700,16300,89400,높음,196.4,0.23%
횟집,105100,5200,99900,높음,169.3,0.18%
해운대맛집,104900,11200,93700,높음,520.0,0.58%
서면맛집,95700,10400,85300,높음,164.7,0.21%
파주맛집,91720,8120,83600,높음,566.3,0.74%
브런치카페,84950,2650,82300,높음,222.3,0.3%
파주가볼만한곳,83360,6260,77100,높음,1018.2,1.62%
기장맛집,75210,6110,69100,높음,299.6,0.45%
회전초밥,72830,2830,70000,높음,196.0,0.3%
훠궈,67280,5580,61700,높음,290.1,0.5%
부산역맛집,57390,5790,51600,높음,161.1,0.33%
돼지국밥,57380,4180,53200,높음,131.3,0.26%
남포동맛집,54530,5430,49100,높음,200.6,0.44%
점심메뉴추천,50170,8970,41200,높음,142.1,0.39%
동태탕,48330,3230,45100,높음,147.8,0.35%
광안리드론쇼,47390,4190,43200,중간,201.4,0.48%
참치,43210,6010,37200,높음,468.3,1.37%
조개구이,42860,2760,40100,높음,218.0,0.57%
광안리카페,42470,2870,39600,중간,33.1,0.1%
경남가볼만한곳,41140,3140,38000,높음,234.1,0.75%
도다리회,41130,5230,35900,높음,606.3,2.0%
부산놀거리,40410,5210,35200,높음,161.1,0.53%
부산대맛집,40100,3800,36300,높음,85.7,0.26%
화명동맛집,39960,2660,37300,높음,75.2,0.23%
기장카페,37590,2390,35200,중간,87.0,0.27%
부산여행,37200,10300,26900,높음,133.4,0.54%
동대문맛집,36730,3630,33100,높음,102.7,0.33%
동래맛집,36690,4590,32100,높음,100.1,0.34%
명지맛집,36160,3860,32300,높음,132.3,0.44%
전포맛집,35560,4360,31200,높음,22.8,0.08%
기장가볼만한곳,34360,2260,32100,높음,498.4,1.79%
전포카페,34170,2370,31800,높음,19.9,0.08%
해물찜,32750,2050,30700,높음,180.6,0.62%
초밥맛집,32560,1360,31200,높음,39.0,0.14%
서면술집,32220,2720,29500,높음,37.0,0.14%
부산신세계아울렛,32020,2220,29800,낮음,6.9,0.09%
부산깡통시장,30480,2880,27600,높음,45.3,0.17%
장어덮밥,30110,3010,27100,높음,226.9,0.91%
밀면,29290,2090,27200,높음,114.8,0.47%
회,28810,3010,25800,높음,50.5,0.21%
초밥뷔페,27870,1870,26000,높음,100.9,0.42%
영도맛집,27790,2990,24800,높음,78.2,0.34%
부산기장맛집,27110,2110,25000,높음,115.2,0.49%
광안리횟집,26800,1900,24900,높음,52.3,0.24%
유산슬,26640,3240,23400,높음,18.0,0.09%
전포술집,25990,2390,23600,높음,23.1,0.11%
광안리술집,25900,2500,23400,높음,49.6,0.23%
하단맛집,25770,2970,22800,높음,81.6,0.39%
부산서면맛집,25500,3800,21700,높음,70.5,0.34%
정관맛집,25140,2240,22900,높음,77.8,0.37%
편백찜,24690,1890,22800,높음,208.4,0.99%
장유맛집,24520,2320,22200,높음,120.5,0.58%
모란역,24470,3670,20800,중간,0.3,0.01%
해운대카페,24430,1930,22500,중간,34.6,0.18%
향남맛집,24390,3490,20900,높음,57.8,0.3%
서면놀거리,24240,1540,22700,높음,115.0,0.63%
철원가볼만한곳,24060,1960,22100,높음,245.1,1.28%
마른오징어,24000,2800,21200,높음,648.3,3.25%
참치회,23780,2980,20800,높음,577.3,2.99%
새우,23720,3220,20500,높음,256.0,1.35%
광안리놀거리,23680,1880,21800,높음,152.1,0.84%
부산해운대맛집,23580,3880,19700,높음,98.5,0.53%
해운대놀거리,23140,1940,21200,높음,97.7,0.53%
부산송도맛집,20380,1980,18400,중간,101.3,0.59%
부산송정맛집,20100,1400,18700,높음,111.8,0.66%
송도카페,19750,1650,18100,높음,30.0,0.19%
송정맛집,19480,1480,18000,높음,71.0,0.41%
연산동맛집,19010,2510,16500,높음,71.1,0.47%
화정맛집,17720,1920,15800,높음,41.2,0.29%
새우요리,17630,1430,16200,높음,137.3,0.91%
연포탕,17310,1910,15400,높음,142.4,1.01%
상봉맛집,17110,2310,14800,높음,37.0,0.28%
모츠나베,16950,2550,14400,높음,88.8,0.65%
영도카페,16950,1250,15700,중간,6.1,0.05%
부산카페,16930,2130,14800,높음,23.2,0.18%
저녁,16930,2930,14000,높음,14.3,0.11%
부산축제,16800,3400,13400,높음,12.3,0.11%
부산시청맛집,16410,2910,13500,높음,35.5,0.29%
서면밥집,16180,1380,14800,높음,23.2,0.18%
온천장맛집,16140,1640,14500,높음,47.9,0.37%
일광맛집,15460,1260,14200,높음,66.9,0.51%
부산해운대,15240,3240,12000,높음,28.8,0.26%
경성대맛집,14990,1890,13100,높음,41.9,0.35%
봄제철음식,14850,3350,11500,높음,6.8,0.07%
대연동맛집,14830,1830,13000,높음,50.8,0.42%
아나고,14540,1640,12900,높음,103.8,0.86%
센텀맛집,14430,1730,12700,높음,22.9,0.2%
복어,14280,1480,12800,높음,113.3,0.95%
부산기장가볼만한곳,14060,1460,12600,높음,182.5,1.65%
와규,13770,1770,12000,높음,178.1,1.57%
동래술집,12590,1290,11300,높음,21.5,0.21%
율동공원맛집,12550,850,11700,중간,133.8,1.41%
광어,12530,1430,11100,높음,106.0,1.04%
부산뷔페,12500,1600,10900,높음,29.7,0.3%
연어덮밥,12340,1040,11300,높음,18.5,0.18%
부산광안리,12330,2230,10100,높음,49.2,0.53%
제철회,12290,1790,10500,높음,48.8,0.5%
상봉역맛집,12240,1940,10300,높음,31.5,0.33%
부산뮤지컬,12020,2920,9100,높음,14.5,0.17%
요즘가볼만한곳,11860,460,11400,높음,146.1,1.81%
범일동맛집,11750,1750,10000,높음,31.0,0.34%
부산용궁사,11700,1500,10200,중간,69.1,0.74%
민락동맛집,11680,1180,10500,높음,30.1,0.31%
부산명지맛집,11580,1080,10500,높음,66.6,0.7%
부산남포동맛집,11580,1380,10200,높음,61.2,0.64%
알탕,11310,1350,9960,높음,89.0,0.95%
사직동맛집,11210,1110,10100,높음,40.1,0.44%
해운대역,11160,1290,9870,높음,0.7,0.01%
문정역맛집,11130,2850,8280,높음,17.9,0.25%
부산여행코스추천,10670,1660,9010,높음,248.9,3.03%
화성맛집,10640,1200,9440,높음,25.1,0.29%
부산송도,10610,1850,8760,중간,28.3,0.35%
회집,10610,610,10000,높음,14.8,0.16%
소바,10570,990,9580,높음,26.5,0.31%
스시맛집,10260,480,9780,높음,21.8,0.24%
미사,10250,1740,8510,높음,17.5,0.22%
해장음식,10140,900,9240,높음,11.8,0.14%
광안리조개구이,9980,1380,8600,높음,4.9,0.06%
부산아이랑,9970,740,9230,높음,36.0,0.46%
전포동맛집,9860,1240,8620,높음,19.6,0.26%
부산맛집추천,9780,980,8800,높음,65.5,0.79%
시메사바,9760,1460,8300,높음,63.3,0.84%
부산해운대가볼만한곳,9710,1300,8410,높음,119.0,1.57%
가덕도맛집,9650,770,8880,낮음,69.2,0.95%
부산해동용궁사,9530,1260,8270,중간,43.3,0.59%
숙성회,9460,1060,8400,높음,71.5,0.92%
부산키즈카페,9320,690,8630,높음,34.9,0.42%
남천동맛집,9260,1150,8110,높음,23.1,0.32%
문정동맛집,9240,1830,7410,높음,21.2,0.32%
부암동맛집,9230,990,8240,중간,12.2,0.19%
단성무이,9140,780,8360,낮음,129.6,1.83%
해운대술집,9080,930,8150,높음,8.0,0.11%
부산데이트,9040,1280,7760,높음,40.9,0.66%
헤이리맛집,9030,640,8390,높음,50.5,0.67%
구서동맛집,9000,1010,7990,높음,31.3,0.43%
용호동맛집,8990,790,8200,높음,29.0,0.4%
부산근교여행지,8950,930,8020,높음,50.1,0.81%
동래역맛집,8920,1100,7820,높음,34.7,0.48%
부산동래맛집,8900,1030,7870,높음,54.3,0.76%
서면롯데백화점맛집,8850,580,8270,높음,28.9,0.4%
성남가볼만한곳,8840,610,8230,높음,34.9,0.57%
부산광안리맛집,8830,1650,7180,높음,24.5,0.36%
자갈치시장맛집,8810,670,8140,높음,76.2,0.97%
아나고회,8740,990,7750,높음,188.9,2.6%
수영맛집,8660,1310,7350,높음,53.7,0.8%
부산광안리놀거리,8640,1100,7540,높음,61.0,0.99%
부산중앙동맛집,8600,1820,6780,중간,20.2,0.35%
부산근교가볼만한곳,8570,770,7800,높음,88.5,1.4%
청주시내맛집,8560,860,7700,높음,28.7,0.42%
남포맛집,8530,680,7850,높음,12.8,0.18%
마린시티맛집,8420,720,7700,중간,37.6,0.55%
건어물,8330,1360,6970,높음,230.5,3.57%
중앙동맛집,8250,1320,6930,높음,16.5,0.25%
송정카페,8220,450,7770,중간,16.5,0.24%
연어초밥,8150,690,7460,높음,36.0,0.53%
신포동맛집,8090,1120,6970,중간,33.9,0.54%
화정역맛집,8070,1070,7000,높음,22.3,0.35%
부산아기랑갈만한곳,7900,370,7530,높음,83.7,1.46%
우동맛집,7890,400,7490,높음,16.0,0.23%
부산온천,7800,970,6830,높음,47.3,0.73%
서면횟집,7780,1010,6770,높음,3.3,0.06%
서울한정식맛집,7750,790,6960,높음,85.4,1.33%
부산대형카페,7680,680,7000,높음,39.0,0.61%
만두맛집,7660,510,7150,높음,30.3,0.45%
당감동맛집,7640,810,6830,중간,24.8,0.38%
광안리고기집,7550,690,6860,높음,11.0,0.17%
모란술집,7550,910,6640,중간,5.6,0.1%
부산오마카세,7530,1110,6420,높음,20.9,0.36%
센텀신세계맛집,7420,440,6980,중간,8.7,0.15%
고깃리88번지,7390,760,6630,낮음,101.4,1.68%
부산기장카페,7330,510,6820,높음,6.7,0.12%
사가정맛집,7280,920,6360,중간,21.5,0.38%
개금맛집,7060,780,6280,중간,12.3,0.22%
장어효능,7030,530,6500,높음,50.0,0.83%
기장시장,7000,610,6390,중간,42.3,0.69%
저녁추천,6960,1660,5300,높음,7.6,0.17%
중랑구맛집,6890,1050,5840,높음,15.8,0.3%
다대포,6730,1330,5400,높음,11.8,0.24%
자포니카장어,6720,780,5940,높음,98.8,1.78%
청사포맛집,6700,640,6060,중간,54.0,0.95%
온천천맛집,6670,690,5980,높음,39.9,0.87%
맛집추천,6670,520,6150,높음,7.6,0.15%
부산갈만한곳,6570,970,5600,높음,38.2,0.77%
부경대맛집,6540,690,5850,중간,12.1,0.24%
초량맛집,6430,920,5510,중간,18.4,0.36%
부산연산동맛집,6410,790,5620,높음,27.1,0.52%
일광카페,6370,240,6130,낮음,11.6,0.22%
백년가게,6270,1770,4500,중간,13.8,0.34%
3월여행지,6230,1550,4680,높음,23.8,0.61%
해운대역맛집,6170,350,5820,높음,17.0,0.31%
장산역맛집,6110,690,5420,높음,8.5,0.18%
물회맛집,6080,180,5900,높음,48.6,0.9%
양산대형카페,6050,340,5710,높음,10.7,0.21%
해운대가볼만한곳,6000,740,5260,높음,40.9,0.85%
부산조개구이,5970,850,5120,중간,11.6,0.24%
오시리아맛집,5880,320,5560,높음,60.0,1.19%
센텀시티맛집,5860,600,5260,중간,10.0,0.21%
부산카페추천,5830,530,5300,높음,40.5,0.9%
금정구맛집,5810,600,5210,높음,31.8,0.66%
명지밥집,5800,440,5360,중간,7.5,0.16%
부산수영맛집,5790,610,5180,높음,52.6,1.11%
점심특선,5780,500,5280,높음,17.0,0.36%
부산실내데이트,5730,380,5350,높음,26.2,0.64%
파주헤이리맛집,5670,350,5320,높음,43.7,0.93%
해물찜맛집,5650,220,5430,높음,36.0,0.7%
부산아이와가볼만한곳,5620,590,5030,높음,39.2,0.86%
학익동맛집,5610,750,4860,중간,14.9,0.35%
진해용원맛집,5510,520,4990,높음,18.6,0.45%
부산여행2박3일코스,5460,1330,4130,높음,95.1,2.55%
초읍맛집,5380,510,4870,중간,40.4,0.91%
해운대고기집,5350,510,4840,높음,10.0,0.22%
기장카페추천,5350,220,5130,중간,22.6,0.52%
문정맛집,5340,1220,4120,높음,9.3,0.26%
장어1KG,5310,560,4750,높음,149.5,3.3%
부산실내가볼만한곳,5280,280,5000,높음,41.2,0.95%
부산정관맛집,5270,400,4870,높음,56.5,1.27%
대청호맛집,5260,490,4770,중간,40.1,1.0%
반여동맛집,5240,520,4720,중간,24.4,0.56%
부산1박2일코스,5230,1120,4110,높음,34.9,0.99%
오도로,5160,610,4550,높음,11.3,0.27%
해운대시장맛집,5110,410,4700,높음,27.3,0.59%
부산강서구맛집,5110,580,4530,높음,20.1,0.5%
사가정역맛집,5040,630,4410,중간,14.0,0.35%
범어사맛집,5030,440,4590,중간,16.9,0.45%
전포동카페,5030,440,4590,높음,2.7,0.07%
해운대뷔페,5000,560,4440,중간,8.8,0.21%
삼치회,4990,760,4230,높음,95.5,2.36%
부산상견례식당,4980,830,4150,높음,16.9,0.47%
부산센텀맛집,4910,390,4520,높음,16.4,0.39%
부산송정카페,4870,270,4600,중간,13.1,0.33%
부산애견카페,4820,440,4380,높음,5.8,0.14%
부산해운대암소갈비,4810,510,4300,중간,19.9,0.56%
수영역맛집,4770,700,4070,높음,9.3,0.26%
신내동맛집,4770,770,4000,중간,9.3,0.26%
온천천카페,4740,350,4390,낮음,2.0,0.11%
명지고기집,4660,420,4240,중간,3.2,0.08%
동래카페,4650,330,4320,높음,3.4,0.09%
정관카페,4630,260,4370,중간,1.4,0.08%
재송동맛집,4610,580,4030,높음,15.1,0.41%
동래고기집,4590,730,3860,높음,10.5,0.29%
벤자리,4580,380,4200,중간,2.0,0.06%
강서구카페,4580,430,4150,높음,1.3,0.04%
벡스코맛집,4560,570,3990,중간,11.0,0.3%
송정동맛집,4560,540,4020,높음,15.3,0.41%
향남2지구맛집,4560,710,3850,높음,25.6,0.75%
해운대장산맛집,4540,370,4170,높음,30.4,0.83%
서면삼정타워맛집,4510,390,4120,높음,21.6,0.62%
부산뷔페추천,4480,440,4040,중간,21.2,0.57%
먹골역맛집,4450,590,3860,높음,11.5,0.33%
부산2박3일코스,4390,1090,3300,높음,25.8,0.85%
부산한정식,4350,560,3790,높음,29.7,0.84%
남포동밥집,4280,400,3880,높음,16.6,0.49%
부산야경,4240,560,3680,높음,12.3,0.37%
기장일광맛집,4220,330,3890,높음,23.0,0.64%
민물장어1KG,4170,520,3650,높음,149.5,4.33%
국제시장맛집,4170,240,3930,중간,10.3,0.28%
부산근교드라이브,4120,370,3750,높음,45.0,1.62%
부산용호동맛집,4080,420,3660,중간,6.3,0.2%
기장브런치카페,4050,200,3850,중간,26.3,0.79%
해운대브런치,4040,300,3740,높음,22.0,0.69%
부산한정식맛집,4030,320,3710,높음,63.0,1.8%
부산파인다이닝,4010,660,3350,중간,3.0,0.1%
부산호텔뷔페,4000,590,3410,높음,13.8,0.45%
파주갈만한곳,3930,420,3510,높음,21.3,0.8%
인천송도유원지맛집,3870,380,3490,높음,58.0,1.93%
부산애견동반식당,3860,370,3490,높음,15.8,0.5%
부산소고기맛집,3850,440,3410,높음,24.0,0.76%
안락동맛집,3840,440,3400,높음,13.0,0.42%
광안리가볼만한곳,3830,460,3370,높음,10.1,0.37%
혼밥식당,3800,160,3640,높음,0.7,0.03%
명지국제신도시맛집,3740,460,3280,높음,14.6,0.5%
우럭회,3670,380,3290,높음,54.8,1.76%
파주출판단지맛집,3670,320,3350,높음,54.0,1.86%
해운대미포맛집,3620,250,3370,높음,86.5,2.86%
부산료칸,3610,540,3070,높음,15.7,0.56%
쌍문맛집,3580,380,3200,중간,13.8,0.47%
부산케이크맛집,3570,370,3200,높음,7.9,0.29%
부산야경명소,3570,330,3240,높음,18.8,0.62%
부산진역맛집,3510,530,2980,높음,7.8,0.29%
서면삼겹살,3490,450,3040,중간,3.4,0.12%
전복구이,3490,200,3290,높음,12.5,0.41%
광안리데이트,3450,430,3020,높음,5.7,0.24%
부산1박2일,3440,790,2650,높음,13.1,0.57%
부산볼거리,3430,610,2820,높음,25.6,1.03%
부산남구맛집,3430,400,3030,높음,16.5,0.6%
수영구맛집,3430,460,2970,높음,12.8,0.47%
부산핫플,3400,590,2810,높음,7.9,0.33%
신호동맛집,3380,500,2880,높음,10.9,0.45%
상봉동맛집,3370,440,2930,높음,23.8,0.89%
부산여행코스,3360,1140,2220,높음,12.8,0.66%
송정해수욕장맛집,3340,260,3080,높음,27.8,0.99%
부산이색데이트,3330,430,2900,높음,12.9,0.58%
부산대게맛집,3310,370,2940,높음,26.5,0.93%
태평동맛집,3310,340,2970,중간,10.7,0.4%
광안리고깃집,3280,170,3110,높음,3.0,0.11%
비산동맛집,3280,390,2890,높음,6.3,0.24%
부산송정,3240,670,2570,높음,9.8,0.4%
서면소고기,3240,450,2790,높음,5.5,0.22%
부산칼국수맛집,3190,210,2980,중간,16.9,0.59%
면목동맛집,3190,420,2770,높음,11.3,0.45%
대구초밥,3160,300,2860,높음,3.5,0.14%
서면고깃집,3100,410,2690,높음,2.5,0.1%
광안리회센터,3100,350,2750,중간,2.9,0.12%
부산먹거리,3090,570,2520,높음,16.3,0.72%
한치회,3090,390,2700,높음,18.8,0.75%
부산해운대카페,3060,390,2670,중간,8.9,0.39%
부산서면술집,3040,370,2670,높음,5.3,0.21%
부산고기맛집,3020,320,2700,높음,13.3,0.51%
자리돔,3000,310,2690,중간,10.5,0.45%
부산포장마차,2970,440,2530,높음,5.1,0.23%
해운대오마카세,2960,380,2580,중간,10.9,0.49%
청수동맛집,2950,350,2600,높음,14.6,0.63%
전포동술집,2940,340,2600,중간,6.5,0.27%
동부산맛집,2920,140,2780,중간,16.4,0.66%
부산온천장맛집,2900,290,2610,중간,15.1,0.65%
해운대소고기,2890,330,2560,높음,11.3,0.49%
연화리맛집,2860,180,2680,중간,40.1,1.64%
해운대갈비,2840,290,2550,높음,4.0,0.17%
저녁식사,2820,560,2260,중간,1.3,0.06%
부산사하구맛집,2810,310,2500,높음,9.5,0.41%
전포카페추천,2810,230,2580,높음,0.3,0.02%
면목역맛집,2810,390,2420,높음,12.8,0.58%
부산회전초밥,2800,250,2550,낮음,4.2,0.2%
서울한달살기숙소,2800,350,2450,높음,236.0,10.9%
부산생선구이맛집,2790,190,2600,높음,33.4,1.33%
동래구맛집,2790,380,2410,높음,12.3,0.55%
철마맛집,2770,180,2590,중간,11.9,0.48%
부산명소,2760,470,2290,높음,13.8,0.69%
성안동맛집,2730,290,2440,중간,6.5,0.28%
부산무한리필,2710,270,2440,높음,3.4,0.16%
부산진구맛집,2700,320,2380,높음,7.5,0.35%
광안리횟집추천,2700,240,2460,높음,33.0,1.41%
좌동맛집,2690,250,2440,높음,7.8,0.34%
호텔조식,2680,320,2360,높음,41.8,1.96%
서면롯백맛집,2660,190,2470,높음,3.3,0.16%
부산초밥맛집,2650,240,2410,높음,13.8,0.59%
성남시청맛집,2640,320,2320,높음,13.8,0.68%
부산점심맛집,2600,280,2320,높음,10.0,0.48%
해운대칼국수,2600,150,2450,높음,0.3,0.02%
부산남산동맛집,2580,250,2330,중간,12.6,0.61%
오포맛집,2580,240,2340,높음,19.8,0.91%
서면역맛집,2560,290,2270,높음,2.8,0.13%
부산대게,2560,410,2150,높음,11.3,0.55%
해운대맛집추천,2540,240,2300,높음,40.9,1.81%
제주도다금바리,2540,190,2350,높음,6.6,0.29%
해운대삼겹살,2520,250,2270,중간,2.6,0.12%
부산송도해수욕장맛집,2520,260,2260,중간,15.1,0.72%
부산룸식당,2490,340,2150,높음,29.3,1.55%
부산스테이크맛집,2490,230,2260,높음,13.3,0.64%
부산광안리횟집,2490,390,2100,높음,9.3,0.47%
봄음식,2490,580,1910,중간,2.8,0.22%
수진역맛집,2470,300,2170,중간,1.3,0.07%
부산가족외식,2430,260,2170,높음,15.7,0.81%
자포니카,2430,360,2070,높음,9.6,0.5%
부산돌잔치,2420,380,2040,높음,122.0,6.59%
장안사맛집,2410,130,2280,높음,68.0,3.5%
광안리대게,2410,190,2220,중간,12.2,0.58%
성남모란맛집,2410,230,2180,높음,32.7,1.72%
정관고기집,2400,210,2190,중간,6.0,0.3%
명륜동맛집,2390,200,2190,높음,4.8,0.24%
해운대아침식사,2370,170,2200,중간,31.1,1.49%
부산조개구이맛집,2350,280,2070,중간,15.2,0.76%
부산한우오마카세,2340,340,2000,높음,2.1,0.12%
부산범일동맛집,2330,260,2070,중간,10.6,0.56%
자갈치맛집,2320,220,2100,높음,13.0,0.66%
해운대해수욕장맛집,2300,160,2140,높음,12.5,0.64%
기장안동보리밥,2290,100,2190,중간,3.9,0.34%
금정산성맛집,2290,190,2100,중간,20.1,1.09%
해운대점심맛집,2280,270,2010,높음,11.3,0.61%
부산술집,2270,360,1910,높음,1.5,0.09%
모듬회,2270,400,1870,높음,18.5,1.04%
부산애견동반카페,2250,150,2100,중간,4.2,0.22%
부산초밥,2240,270,1970,높음,12.5,0.68%
부산스시맛집,2220,180,2040,높음,10.6,0.59%
경남아이와가볼만한곳,2190,230,1960,높음,11.5,0.82%
달맞이맛집,2170,120,2050,높음,6.4,0.35%
부산수영구맛집,2140,240,1900,높음,8.0,0.45%
초벌장어,2120,290,1830,높음,35.0,2.03%
해운대좌동맛집,2100,190,1910,높음,31.8,1.8%
일광횟집,2090,200,1890,중간,0.8,0.17%
기장고기집,2080,170,1910,높음,6.3,0.35%
부산여행지,2080,690,1390,높음,8.1,0.66%
부산디저트,2080,260,1820,높음,2.5,0.16%
부산코스요리,2030,270,1760,높음,10.6,0.64%
부산소고기,2030,270,1760,높음,3.0,0.19%
회식메뉴,2030,660,1370,높음,4.5,0.37%
경주고향밀면,2030,190,1840,높음,0.4,0.03%
죽성드림세트장,2020,240,1780,낮음,0.0,0.0%
온천천브런치,2010,130,1880,중간,0.7,0.37%
부산장어맛집,2000,200,1800,높음,10.8,0.63%
중화동맛집,1990,250,1740,높음,5.8,0.36%
부산동구맛집,1980,330,1650,중간,17.9,1.16%
부산파스타맛집,1950,180,1770,높음,6.3,0.38%
서면소고기맛집,1940,250,1690,중간,5.4,0.35%
부산브런치맛집,1920,120,1800,높음,17.6,1.14%
부산신상카페,1920,290,1630,높음,0.7,0.05%
부산대연동맛집,1900,230,1670,중간,10.3,0.62%
해운대스시,1900,140,1760,중간,3.5,0.22%
부산카라반,1900,280,1620,높음,41.5,2.78%
부산현지인맛집,1890,370,1520,높음,12.3,0.84%
화성시맛집,1890,640,1250,높음,3.3,0.29%
부산송도횟집,1890,190,1700,중간,2.9,0.2%
부산프로포즈,1890,480,1410,높음,108.4,7.33%
부산데이트코스,1870,450,1420,높음,11.2,0.93%
부산애견동반,1870,240,1630,높음,4.3,0.29%
망우동맛집,1870,290,1580,높음,5.5,0.38%
해운대고기맛집,1860,140,1720,높음,7.3,0.43%
인천송도오마카세,1860,220,1640,중간,2.1,0.18%
해운대한우,1850,240,1610,높음,5.5,0.38%
부산해운대맛집추천,1840,110,1730,높음,23.5,1.48%
장전동맛집,1830,190,1640,높음,5.3,0.35%
부산상견례,1820,410,1410,높음,2.8,0.23%
부평동맛집,1820,180,1640,높음,3.8,0.25%
일광신도시맛집,1810,170,1640,중간,16.7,1.13%
부산한우맛집,1800,250,1550,높음,15.0,1.03%
광안리술집추천,1800,160,1640,높음,3.0,0.22%
경기도성남맛집,1800,100,1700,높음,15.1,1.04%
서면고기,1790,230,1560,높음,0.7,0.05%
부산브런치,1790,190,1600,높음,6.0,0.45%
해운대초밥,1790,120,1670,높음,0.7,0.05%
서면맛집추천,1780,210,1570,높음,16.9,1.22%
연어맛집,1780,140,1640,높음,4.0,0.27%
부산이모카세,1760,270,1490,중간,0.6,0.44%
광안리핫플,1750,240,1510,높음,6.4,0.52%
명지점심맛집,1750,240,1510,높음,8.6,0.64%
해운대애견동반식당,1750,110,1640,높음,5.9,0.38%
청주바베큐,1750,280,1470,높음,5.3,0.4%
부산삼겹살맛집,1740,220,1520,높음,9.5,0.66%
센텀밥집,1720,300,1420,중간,3.4,0.36%
부산레스토랑,1700,240,1460,높음,7.8,0.58%
부산아구찜맛집,1700,130,1570,높음,3.7,0.25%
화성조암맛집,1700,210,1490,높음,4.6,0.37%
수영고기집,1690,270,1420,높음,7.5,0.59%
화성향남맛집,1690,190,1500,높음,10.1,0.74%
봄에먹는음식,1670,260,1410,중간,1.6,0.15%
인천계산동맛집,1660,140,1520,높음,6.8,0.49%
정관횟집,1650,230,1420,중간,0.6,1.62%
인천룸식당,1650,260,1390,높음,15.1,1.26%
부산송정해수욕장맛집,1640,190,1450,중간,10.8,0.82%
신세계센텀시티맛집,1640,140,1500,높음,0.3,0.03%
퓨전한식,1640,280,1360,높음,8.0,0.64%
기장조개구이,1630,130,1500,높음,2.1,0.16%
샤브올데이부산,1630,150,1480,중간,8.9,0.71%
부산동래역맛집,1630,200,1430,높음,10.5,0.81%
부산시민공원맛집,1630,160,1470,높음,14.2,1.14%
부산파스타,1630,110,1520,높음,1.0,0.09%
송정고기집,1590,80,1510,중간,4.9,0.34%
동래고깃집,1590,690,900,높음,0.3,0.04%
냉동참치회,1580,240,1340,높음,71.3,5.76%
부전동맛집,1570,180,1390,높음,5.8,0.44%
부산돼지갈비,1570,160,1410,높음,3.7,0.3%
부산갈비맛집,1560,140,1420,중간,4.0,0.31%
상대원맛집,1560,280,1280,높음,0.0,0.0%
해운대파스타,1550,130,1420,높음,3.0,0.23%
서면단체술집,1550,220,1330,높음,9.8,0.82%
해운대구남로맛집,1530,120,1410,중간,18.3,1.41%
여름제철음식,1530,190,1340,중간,0.8,0.08%
해운대생선구이,1520,120,1400,중간,5.6,0.45%
부산글램핑장,1510,230,1280,높음,46.9,3.98%
서면2차술집,1500,110,1390,높음,0.0,0.0%
부산관광명소,1480,270,1210,높음,19.7,1.79%
부산오마카세맛집,1460,170,1290,중간,8.9,0.81%
아바니호텔,1450,330,1120,높음,1.8,0.17%
기장일광카페,1450,50,1400,낮음,3.8,0.36%
부산한우,1430,180,1250,높음,1.5,0.15%
자포니카민물장어,1430,180,1250,높음,15.5,1.29%
부산1박2일여행,1410,410,1000,높음,15.9,1.95%
부산고기집,1410,200,1210,높음,2.3,0.2%
동래소고기,1410,230,1180,높음,3.6,0.34%
부산경성대맛집,1410,150,1260,높음,3.3,0.28%
부산동래구맛집,1390,180,1210,높음,7.1,0.66%
해운대볼거리,1360,180,1180,높음,9.1,0.92%
장산역술집,1360,140,1220,높음,0.0,0.0%
부산일광맛집,1350,140,1210,높음,7.0,0.64%
광안리레스토랑,1340,170,1170,중간,5.0,0.52%
기장카라반,1330,180,1150,높음,27.3,2.57%
서면일식,1330,130,1200,높음,3.3,0.29%
부산동래술집,1310,150,1160,중간,4.4,0.41%
온천동맛집,1300,170,1130,높음,2.3,0.22%
광복동맛집,1300,110,1190,중간,5.3,0.5%
부산아바니호텔,1300,280,1020,높음,1.5,0.16%
홍대중국집,1300,190,1110,중간,0.0,0.0%
부산핫플레이스,1290,230,1060,높음,10.0,0.98%
해운대아이랑,1280,120,1160,높음,3.4,0.32%
노대동맛집,1280,140,1140,중간,4.5,0.53%
부산해산물맛집,1270,160,1110,높음,24.8,2.32%
부산2박3일,1270,530,740,높음,4.0,0.61%
부산사상구맛집,1270,150,1120,높음,3.8,0.36%
서면식당,1270,140,1130,높음,2.0,0.19%
부산해물탕,1260,100,1160,높음,0.3,0.04%
부산광안리가볼만한곳,1250,220,1030,높음,9.6,1.1%
기장파스타,1240,110,1130,중간,1.1,0.14%
광안동맛집,1240,160,1080,높음,4.8,0.46%
혼자부산여행,1240,280,960,높음,9.5,1.14%
야탑점심맛집,1240,190,1050,높음,10.5,1.22%
칠암횟집,1230,80,1150,중간,2.1,0.19%
신현리맛집,1230,100,1130,중간,12.9,1.29%
서울회맛집,1230,170,1060,높음,1.7,0.18%
부산브라이덜샤워,1230,200,1030,높음,25.6,2.6%
부산해물탕맛집,1220,110,1110,중간,8.1,0.76%
서면삼겹살맛집,1210,160,1050,중간,6.2,0.62%
해운대무라라멘,1210,80,1130,중간,4.9,0.48%
부산킹크랩,1200,190,1010,중간,22.4,2.3%
부산나들이,1200,150,1050,높음,2.0,0.24%
해운대한식뷔페,1180,80,1100,높음,7.6,0.79%
부산당일치기여행,1170,210,960,높음,15.7,2.03%
거제아이랑,1160,100,1060,높음,1.9,0.23%
동래역고기집,1150,140,1010,높음,1.3,0.15%
고양시덕양구맛집,1150,120,1030,높음,6.3,0.66%
서면낮술,1140,150,990,높음,1.3,0.15%
부산애견운동장,1140,110,1030,높음,4.0,0.45%
명지행복마을맛집,1130,100,1030,높음,14.2,1.5%
부산구서동맛집,1130,130,1000,높음,4.0,0.42%
해운대점심,1130,200,930,높음,3.0,0.36%
해운대우동맛집,1110,80,1030,중간,5.0,0.51%
부산범어사맛집,1110,80,1030,중간,6.8,1.02%
해운대근처맛집,1110,120,990,높음,9.3,0.93%
광안리회포장,1110,110,1000,높음,1.5,0.16%
불스지,1100,130,970,중간,0.0,0.0%
동래메가마트맛집,1090,70,1020,높음,11.0,1.14%
부산2박3일여행,1090,430,660,높음,9.8,1.54%
부산가성비맛집,1070,140,930,높음,5.0,0.57%
서면가성비술집,1070,60,1010,높음,1.0,0.11%
부산명륜동맛집,1060,110,950,높음,4.7,0.53%
부산호텔뷔페추천,1060,140,920,중간,2.3,0.28%
엘시티맛집,1050,90,960,중간,17.9,1.93%
향남가볼만한곳,1010,50,960,중간,4.4,0.62%
향남1지구맛집,1000,190,810,높음,6.8,0.91%
청주킹크랩,1000,130,870,중간,0.6,0.08%
부산서면점심맛집,980,90,890,높음,3.8,0.46%
식당예약,980,270,710,높음,6.3,0.95%
부산근교맛집,970,140,830,높음,12.4,1.71%
해리단길브런치,970,70,900,중간,0.0,0.0%
서면밥집추천,960,80,880,중간,2.2,0.28%
손질장어,950,190,760,높음,23.0,3.26%
광안리점심맛집,950,190,760,높음,4.6,0.68%
광주오포맛집,950,60,890,높음,16.3,1.99%
기장읍맛집,930,130,800,높음,3.8,0.48%
부산해운대시장맛집,930,80,850,중간,13.6,1.58%
지사동맛집,920,180,740,중간,0.7,0.16%
부산송정가볼만한곳,900,90,810,높음,1.7,0.24%
기장점심맛집,900,90,810,높음,2.8,0.36%
범천동맛집,900,150,750,높음,0.3,0.05%
술안주베스트,900,110,790,높음,8.6,1.14%
부산명지가볼만한곳,890,70,820,중간,1.7,0.27%
제주해산물,880,60,820,높음,17.8,2.36%
기장군맛집,870,130,740,높음,6.3,0.87%
서면룸식당,860,180,680,중간,8.6,1.36%
해운대여행,860,220,640,높음,5.0,0.8%
해운대현지인맛집,860,150,710,중간,4.3,0.6%
서면일식집,860,120,740,높음,0.0,0.0%
전포동고기집,850,120,730,중간,3.8,0.56%
임랑맛집,850,30,820,중간,1.5,0.49%
용원밥집,850,100,750,중간,0.4,0.07%
기장연화리카페,850,40,810,높음,0.4,0.05%
부산어린이가볼만한곳,840,110,730,높음,13.0,1.6%
명지동맛집,830,120,710,중간,3.9,0.57%
서면스시맛집,830,70,760,중간,3.1,0.42%
해운대생선구이맛집,820,30,790,낮음,11.5,1.55%
서면핫플,820,110,710,중간,1.6,0.23%
기장식당,810,110,700,중간,2.6,0.38%
합정역횟집,810,160,650,중간,1.1,0.21%
해운대엘시티맛집,800,70,730,중간,14.5,2.0%
명지점심특선,800,100,700,높음,6.0,0.96%
광안리낙곱새,800,90,710,높음,0.4,0.06%
기장역맛집,790,120,670,높음,1.3,0.21%
대게배달,790,100,690,높음,28.5,4.14%
명지국제맛집,780,110,670,높음,10.3,1.63%
부산명지밥집,780,40,740,높음,2.0,0.3%
부산낙곱새맛집,780,90,690,중간,8.8,1.36%
광안리핫플술집,780,50,730,높음,9.3,1.75%
부민동맛집,780,130,650,중간,0.0,0.0%
호텔식당,780,140,640,높음,6.5,1.09%
부산근교카페,770,100,670,중간,2.4,0.37%
부산와인바,760,140,620,중간,2.3,0.39%
동래고기맛집,760,130,630,높음,2.5,0.42%
구미문성,760,130,630,높음,2.0,0.34%
기장소고기맛집,760,60,700,중간,5.8,0.89%
생생정보통맛집오늘,760,30,730,중간,1.4,0.44%
광주신현동맛집,760,80,680,높음,2.0,0.32%
부산어린이대공원맛집,750,90,660,중간,7.7,1.79%
장어포장,750,80,670,높음,5.3,0.85%
연남동점심맛집,750,130,620,높음,4.2,0.74%
정관식당,740,80,660,중간,0.5,0.09%
광안리조개구이맛집,740,40,700,중간,2.7,0.51%
당감시장맛집,740,50,690,중간,3.4,0.51%
기장아이와가볼만한곳,740,30,710,높음,4.3,0.83%
해운대달맞이길맛집,730,90,640,높음,5.3,0.85%
강서구한정식,730,120,610,중간,1.0,0.17%
전포카페거리맛집,720,80,640,높음,2.3,0.45%
부산기장밥집,720,30,690,높음,3.3,0.52%
해운대갈비맛집,710,60,650,높음,1.0,0.18%
을숙도맛집,710,70,640,높음,2.1,0.34%
해운대송정맛집,710,90,620,중간,8.7,1.49%
재송동횟집,710,90,620,중간,0.5,0.1%
센텀고기집,710,120,590,중간,2.4,0.61%
기장동부산맛집,700,40,660,높음,2.3,0.37%
명지한정식,700,70,630,중간,3.8,0.62%
서면구워주는고기집,690,90,600,중간,1.3,0.23%
해운대룸식당,690,110,580,높음,10.5,1.89%
서면영광도서맛집,690,70,620,중간,0.0,0.0%
해운대소고기맛집,680,60,620,높음,1.5,0.36%
서면고기무한리필,680,50,630,높음,1.4,0.24%
부산아나고,680,70,610,높음,0.6,0.1%
가을제철음식,680,110,570,중간,0.0,0.0%
기장브런치맛집,670,40,630,중간,6.5,1.11%
부산서면고기집,670,60,610,중간,3.3,0.52%
서면돼지고기,670,90,580,높음,1.3,0.25%
부산데이트맛집,660,130,530,중간,1.7,0.34%
서면밤술,660,60,600,중간,1.3,0.25%
부산이색카페,660,80,580,높음,1.7,0.28%
경남가족탕,660,70,590,중간,11.8,1.96%
기장고기맛집,650,50,600,높음,6.8,1.15%
남포동술집추천,650,80,570,높음,8.0,1.44%
미포맛집,640,40,600,중간,9.5,1.32%
부산초등학생가볼만한곳,640,120,520,높음,19.5,3.78%
파주한우맛집,640,70,570,높음,8.8,1.69%
장어회,630,70,560,높음,3.3,0.65%
양념장어,630,100,530,높음,7.0,1.39%
해운대포장맛집,620,50,570,높음,1.3,0.25%
부산중앙동점심,620,350,270,중간,2.8,1.16%
민물장어시세,620,70,550,높음,14.0,2.71%
부산기념일레스토랑,610,90,520,높음,2.8,0.56%
금사동맛집,610,110,500,중간,1.5,0.41%
경기도광주시맛집,610,100,510,높음,4.3,0.9%
해운대먹거리,600,70,530,중간,3.3,0.65%
송정가볼만한곳,600,40,560,높음,6.3,1.27%
기장임랑맛집,600,30,570,중간,2.3,0.44%
해운대가족외식,600,130,470,높음,5.5,1.2%
정관한정식,600,50,550,중간,0.0,0.0%
부산연지동맛집,600,60,540,중간,0.7,0.18%
겨울제철음식,600,140,460,중간,0.8,0.16%
야탑점심,600,200,400,높음,0.9,0.25%
해돋이명소,590,60,530,높음,2.8,0.53%
해운대배달맛집,580,60,520,높음,0.0,0.0%
일광가볼만한곳,580,30,550,중간,1.2,0.29%
전포고기,580,80,500,높음,0.8,0.16%
기장고깃집,570,60,510,높음,2.7,0.55%
붕장어회,570,70,500,중간,9.6,1.91%
부산생일레스토랑,570,60,510,중간,6.7,1.42%
해리단길밥집,570,70,500,중간,0.6,0.19%
프로방스맛집,570,40,530,높음,8.5,1.83%
해운대해산물,560,40,520,중간,3.0,0.59%
서면먹거리,560,40,520,높음,0.3,0.07%
센텀돈까스,560,80,480,중간,0.0,0.0%
센텀술집,560,100,460,중간,1.6,0.39%
하대원맛집,560,60,500,중간,0.0,0.0%
해운대한우맛집,550,40,510,중간,4.4,0.94%
부산웨이팅맛집,550,100,450,높음,1.3,0.32%
해운대구청맛집,540,60,480,높음,3.3,0.76%
부산놀거리추천,540,70,470,높음,2.1,0.63%
동래고기,540,90,450,높음,0.3,0.09%
경기맛집,540,70,470,높음,4.5,1.04%
맛있는저녁,540,110,430,중간,0.9,0.22%
참치전문점,540,50,490,높음,2.8,0.63%
제주갈치회,540,70,470,높음,1.8,0.39%
송정파스타,530,40,490,중간,2.3,0.69%
강서구명지맛집,530,50,480,높음,6.3,1.48%
서면분위기좋은술집,530,60,470,높음,1.7,0.37%
키즈식당,530,20,510,중간,0.0,0.0%
부산서면한식맛집,520,20,500,높음,2.8,0.57%
부소담악맛집,520,50,470,중간,22.5,6.0%
부산반여동맛집,510,30,480,중간,1.8,0.4%
남포동맛집추천,510,50,460,높음,8.6,2.03%
광안리가성비횟집,510,60,450,높음,6.5,1.5%
당진시맛집,510,100,410,높음,4.8,1.28%
서면해물탕,500,50,450,높음,0.3,0.09%
부산고급식당,500,80,420,높음,3.0,0.73%
서면회식,500,170,330,높음,1.3,0.42%
부산칠순잔치,500,130,370,높음,9.8,2.63%
부산복합문화공간,500,120,380,중간,1.6,3.51%
부산생일맛집,500,80,420,중간,1.5,0.37%
향남백호참치,500,70,430,낮음,0.0,0.0%
부산횟집맛집,490,70,420,높음,3.0,0.73%
부산외대맛집,490,30,460,중간,1.5,0.34%
명지맛집추천,490,40,450,높음,5.5,1.25%
365부산밀면,490,50,440,중간,0.0,0.0%
모란역점심맛집,490,60,430,높음,0.7,0.18%
해운대코스요리,480,80,400,높음,5.7,1.53%
남포동참치,480,50,430,중간,0.0,0.0%
센텀점심,480,150,330,높음,0.4,0.11%
부산참치무한리필,480,30,450,중간,1.8,1.25%
아바니센트럴,480,160,320,높음,2.3,0.72%
부산스파호텔,480,70,410,높음,5.7,1.39%
정관읍맛집,470,70,400,높음,1.7,0.45%
명지룸식당,470,90,380,중간,8.3,2.3%
김해가족외식,470,60,410,중간,2.1,0.55%
부산야간데이트,470,30,440,중간,2.1,0.48%
수성구초밥맛집,470,20,450,높음,3.4,0.8%
오창구룡리맛집,470,60,410,중간,0.0,0.0%
해운대소갈비,460,40,420,중간,1.5,0.39%
기장갈만한곳,460,40,420,높음,1.3,0.37%
일광장어구이,460,30,430,중간,1.5,0.38%
해운대로컬맛집,460,60,400,중간,4.7,1.15%
해운대신도시맛집,450,50,400,높음,7.3,1.88%
벡스코식당,450,60,390,중간,0.0,0.0%
큐비E센텀,450,150,300,중간,1.3,0.46%
부산명지동맛집,440,80,360,중간,1.6,0.5%
기장현지인맛집,440,40,400,높음,4.0,1.05%
부산가족모임식당,430,40,390,중간,6.1,1.6%
부산고급레스토랑,430,60,370,중간,4.3,1.23%
동래지하철역맛집,430,50,380,중간,3.4,0.97%
서면주점,430,20,410,높음,1.3,0.34%
고양시뷔페,430,60,370,중간,0.4,0.12%
밀면밀키트,420,80,340,중간,4.0,1.43%
부산돼지고기맛집,420,50,370,높음,1.1,0.32%
부산강아지운동장,420,40,380,높음,3.5,0.98%
동래룸식당,420,70,350,중간,3.7,1.14%
서면회식장소,410,140,270,높음,1.8,0.69%
부산녹산맛집,410,60,350,높음,3.4,1.08%
일광대형카페,410,20,390,중간,0.0,0.0%
부산해운대갈비,400,50,350,높음,0.3,0.1%
부산해운대구맛집,400,50,350,중간,4.3,1.24%
서면해산물맛집,400,40,360,높음,0.8,0.24%
정관소고기맛집,400,20,380,중간,2.0,0.58%
임은동맛집,400,80,320,중간,0.0,0.0%
부산강서맛집,400,30,370,높음,2.7,0.79%
해운대회맛집,400,40,360,높음,3.5,0.91%
부산편백찜,390,50,340,높음,0.3,0.11%
부산어부의술상,390,40,350,중간,0.0,0.0%
기장맛집추천,390,60,330,높음,2.8,0.83%
서면가족외식,380,40,340,중간,3.0,0.89%
정관고기맛집,380,30,350,중간,1.8,0.55%
광안리맛집내돈내산,380,70,310,높음,0.3,0.12%
해운대신시가지맛집,370,30,340,중간,1.6,0.5%
서면스키야키,370,30,340,높음,0.0,0.0%
아난티코브맛집,360,50,310,높음,0.4,0.13%
해운대까페,360,10,350,높음,1.3,0.41%
명지삼계탕,360,30,330,높음,0.0,0.0%
서면코스요리,360,80,280,중간,2.6,0.97%
부산해운대근처맛집,350,70,280,높음,3.0,1.1%
부산와인,350,60,290,높음,1.8,0.53%
광안리맛집추천,340,80,260,높음,1.3,0.5%
부산뷰맛집,340,50,290,중간,2.0,0.7%
해운대뷰맛집,340,30,310,높음,2.3,0.74%
강서구룸식당,340,70,270,중간,1.7,0.66%
백스코맛집,340,30,310,낮음,0.0,0.0%
서면핫플술집,340,30,310,중간,1.0,0.32%
해운대횟집내돈내산,340,40,300,높음,4.9,1.62%
초밥전문점,340,20,320,높음,1.8,0.57%
부산주말나들이,340,60,280,중간,4.8,1.82%
부산프로포즈레스토랑,330,70,260,중간,11.9,5.23%
사하맛집,330,30,300,높음,0.3,0.12%
김해시맛집,330,60,270,높음,1.8,0.69%
부산서면술집추천,330,40,290,높음,2.1,0.71%
부산숨은맛집,330,70,260,높음,2.1,0.81%
장어초벌,330,40,290,높음,5.0,1.77%
기장대변카페,330,10,320,중간,4.9,4.0%
부산고기뷔페,320,40,280,중간,0.9,0.38%
해운대회집,320,30,290,중간,4.3,1.51%
부산일식집,320,40,280,중간,5.5,2.07%
주변회집,320,10,310,중간,0.6,0.25%
좌동술집,320,40,280,중간,0.0,0.0%
모란역점심,320,70,250,높음,0.7,0.33%
엘시티상가,310,70,240,높음,1.3,0.6%
연산동대게,300,30,270,중간,0.0,0.0%
부산콜키지프리,300,60,240,높음,1.5,0.67%
부산룸고기집,290,50,240,높음,6.3,2.66%
엘시티샤브올데이,290,20,270,중간,1.1,0.4%
부산단체식당,290,90,200,높음,1.5,0.83%
연산동브런치,290,30,260,중간,1.0,3.45%
명지회식,280,130,150,중간,1.3,1.08%
해운대단체식당,280,70,210,높음,4.8,2.32%
부산팔순잔치,280,60,220,높음,11.8,5.39%
경기광주시맛집,280,40,240,높음,2.8,1.12%
부산기장생선구이,270,10,260,높음,0.8,0.28%
좌동시장맛집,270,20,250,높음,2.4,0.96%
해운대주변맛집,270,30,240,높음,4.3,1.8%
영도한정식,270,20,250,낮음,4.1,1.68%
향남회식,270,130,140,높음,1.5,1.08%
해운대중동역맛집,260,30,230,중간,1.1,0.48%
해운대회식,260,70,190,높음,0.0,0.0%
해운대데이트코스,260,60,200,높음,1.8,0.9%
고창장어포장,260,20,240,높음,4.5,2.03%
광안리단체술집,260,30,230,높음,2.3,1.08%
부산현지인횟집,260,40,220,높음,1.0,0.45%
근처일식당,250,10,240,높음,0.0,0.0%
모란점심,250,40,210,중간,0.0,0.0%
스톤게이트맛집,240,40,200,중간,0.0,0.0%
경성대스시투어,240,20,220,중간,0.0,0.0%
칠암아나고회,240,20,220,높음,1.3,0.59%
스지맛집,240,10,230,높음,1.0,0.49%
하남일식,240,30,210,높음,0.3,0.16%
기장핫플,240,30,210,중간,2.2,1.08%
봉림동맛집,240,40,200,중간,0.5,0.25%
해운대재래시장맛집,230,20,210,높음,0.3,0.18%
부산기장브런치,230,10,220,중간,0.7,0.47%
부산외식,230,30,200,중간,0.3,0.17%
동래역고깃집,230,30,200,높음,0.0,0.0%
부산가족식당,230,20,210,중간,5.0,2.44%
부산송도한정식,230,20,210,낮음,12.2,6.22%
구미산동갈비,230,10,220,높음,0.4,0.18%
부산기념일데이트,230,30,200,높음,3.3,1.75%
주택개조카페,230,50,180,중간,3.5,1.96%
장산역점심,230,30,200,높음,0.0,0.0%
해운대돌잔치,220,40,180,높음,6.3,3.66%
부산한화리조트맛집,220,20,200,중간,0.0,0.0%
초벌민물장어,220,50,170,높음,5.8,3.37%
서면감성주점,220,10,210,중간,2.2,1.08%
해리단길점심,220,20,200,중간,0.0,0.0%
밀면의법칙,220,20,200,낮음,0.0,0.0%
부산가족식사,220,40,180,높음,0.3,0.18%
일광카페추천,220,10,210,중간,2.7,1.24%
거제도수국,220,50,170,높음,0.0,0.0%
부산결혼기념일,220,60,160,높음,0.3,0.16%
광안리곰장어,210,10,200,중간,1.0,0.69%
무채색카페,210,10,200,중간,0.0,0.0%
파주분위기맛집,210,30,180,높음,5.3,2.83%
부산가족모임,200,40,160,높음,0.5,0.33%
부산명지한정식,200,20,180,높음,3.7,2.03%
명지상견례,200,40,160,높음,1.3,0.83%
다대맛집,200,20,180,중간,4.6,2.53%
부산고급한정식,200,20,180,중간,13.3,7.81%
서면단체모임,200,20,180,높음,0.3,0.18%
광안동횟집,200,20,180,높음,0.3,0.19%
부산한정식추천,190,30,160,높음,4.3,2.89%
청사포가볼만한곳,190,20,170,높음,1.0,0.56%
전포동고기,190,10,180,높음,0.3,0.17%
동래회식장소,190,60,130,중간,1.9,1.59%
동래산성염소고기,190,10,180,중간,16.3,9.28%
기장글램핑장,190,20,170,중간,5.5,3.22%
동래조용한술집,190,30,160,높음,1.7,1.14%
부산해운대식당,180,30,150,높음,1.3,0.9%
서면모임장소,180,40,140,높음,1.0,0.72%
해운대고급식당,180,20,160,높음,3.7,2.38%
썩은다리맛집,180,40,140,중간,0.0,0.0%
서면분위기술집,180,20,160,높음,0.8,0.51%
부산카페맛집,180,30,150,높음,0.0,0.0%
센텀치킨,180,20,160,낮음,0.0,0.0%
기장조개구이맛집,170,10,160,중간,1.5,1.13%
부산서면조개구이,170,20,150,중간,0.5,0.35%
부산명지룸식당,170,30,140,높음,4.1,3.42%
서면신상술집,170,50,120,높음,0.0,0.0%
부산티하우스,170,30,140,중간,1.7,1.24%
연수동한정식,170,20,150,중간,1.9,1.33%
마티에오시리아식당,160,10,150,높음,0.0,0.0%
부산을숙도맛집,160,10,150,중간,6.7,4.76%
남포동코스요리,160,40,120,중간,5.7,5.35%
부산남포횟집,160,20,140,중간,0.0,0.0%
부산회식,150,30,120,높음,0.0,0.0%
서면단체회식,150,50,100,중간,0.9,0.9%
스지국밥,150,20,130,중간,0.9,0.66%
센텀시티점심,150,40,110,높음,1.5,1.49%
해운대암소,140,10,130,높음,0.0,0.0%
해운대횟집맛집,140,20,120,높음,3.3,2.67%
부산해운대점심,140,20,120,높음,0.3,0.24%
송정해수욕장술집,140,10,130,중간,0.0,0.0%
서면오뎅,140,10,130,높음,0.0,0.0%
이쁜까페,140,10,130,높음,0.3,0.26%
서면일번가술집,140,10,130,높음,0.6,0.45%
대구서구초밥,140,10,130,중간,0.9,0.71%
부산북구횟집,130,20,110,중간,1.0,3.23%
부산정관횟집,130,10,120,중간,1.9,2.26%
일광우대갈비,130,10,120,중간,1.4,1.23%
부산청룡동맛집,130,10,120,중간,2.1,2.33%
동래구고기집,130,20,110,높음,0.3,0.29%
남포동회,130,10,120,중간,0.0,0.0%
장안사근처맛집,130,10,120,낮음,4.1,3.12%
당감동초밥,130,10,120,중간,0.0,0.0%
오시리아가볼만한곳,130,20,110,높음,2.5,1.97%
동부산가볼만한곳,120,10,110,중간,0.3,0.25%
부산모임장소,120,30,90,높음,0.3,0.28%
명륜역밥집,120,10,110,중간,0.0,0.0%
부산소고기선물세트,120,20,100,높음,4.6,4.85%
중앙동회식,120,50,70,중간,0.0,0.0%
손질민물장어,120,30,90,높음,2.5,2.69%
양산동원로얄CC근처맛집,120,10,110,낮음,0.8,3.23%
장수한우전문점,120,20,100,높음,0.0,0.0%
홍게주문,120,20,100,높음,11.3,11.03%
센텀시티가볼만한곳,120,10,110,높음,0.3,0.31%
좌동치킨,120,10,110,중간,0.0,0.0%
해운대닭꼬치,120,10,110,낮음,0.0,0.0%
부산대방어,120,10,110,중간,0.0,0.0%
부산바베큐맛집,110,10,100,높음,1.7,1.54%
부산명지점심,110,10,100,높음,0.7,0.66%
아덴시그니처,110,10,100,중간,0.0,0.0%
마린시티치킨,110,10,100,낮음,0.0,0.0%
광안리대방어,110,10,100,중간,0.0,0.0%
부산기장체험,110,20,90,중간,2.4,2.99%
부산아이와함께,110,20,90,중간,0.3,0.34%
서면모임,100,20,80,높음,0.3,0.41%
부산회식장소,100,50,50,높음,0.5,0.93%
중앙동일식집,100,10,90,중간,0.0,0.0%
남포동상견례,100,10,90,높음,3.3,3.38%
구미부곡동,100,20,80,낮음,0.0,0.0%
광안리애견동반횟집,100,10,90,중간,1.4,1.38%
센텀스테이크,100,10,90,중간,0.0,0.0%
전포동와인,100,20,80,중간,0.0,0.0%
해리단길가볼만한곳,100,10,90,높음,0.0,0.0%
새마을칼국수,100,10,90,중간,0.9,1.13%
서면회식장소추천,100,40,60,높음,0.7,1.15%
송정편백찜,90,10,80,중간,0.0,0.0%
해운대편백찜,90,10,80,낮음,0.0,0.0%
서면조개,90,10,80,중간,0.0,0.0%
부전고기집,90,10,80,높음,0.5,0.6%
부산단체회식,90,30,60,높음,0.0,0.0%
부산송정소고기,90,10,80,중간,0.0,0.0%
부산밀키트,90,20,70,높음,1.0,1.5%
향남회식장소,90,50,40,높음,0.0,0.0%
전포동핫플,90,10,80,높음,0.3,0.42%
부산애견동반술집,90,10,80,중간,0.0,0.0%
모란역낮술,90,10,80,낮음,0.0,0.0%
서면해물,80,10,70,높음,0.0,0.0%
부산캠핑장고기집,80,10,70,높음,1.3,1.87%
범일동회식,80,30,50,높음,0.0,0.0%
부산해운대조개구이맛집,80,10,70,중간,0.6,0.8%
강서구명지동맛집,80,10,70,높음,0.0,0.0%
기장갈비맛집,80,10,70,높음,0.5,0.8%
부산부모님생신,80,20,60,높음,0.0,0.0%
부산해운대해산물맛집,80,10,70,중간,1.9,2.68%
명지배달맛집,80,20,60,높음,0.0,0.0%
부산환갑잔치,80,30,50,높음,1.5,2.63%
부산분위기좋은레스토랑,80,20,60,높음,0.3,0.37%
동래돼지고기맛집,80,10,70,중간,0.6,0.77%
동래역돼지고기,80,10,70,높음,0.5,0.68%
기장BBQ,80,10,70,중간,0.0,0.0%
부산고급맛집,80,10,70,높음,0.0,0.0%
상모소고기,80,10,70,낮음,0.0,0.0%
모란역저녁,80,30,50,높음,0.0,0.0%
송정해수욕장밥집,70,10,60,중간,0.0,0.0%
수영구점심,70,20,50,높음,0.0,0.0%
민물장어초벌구이,70,20,50,높음,2.8,5.73%
광안리야경맛집,70,10,60,높음,1.0,1.54%
겨울부산여행,70,10,60,높음,0.3,0.39%
해운대웨이팅맛집,70,10,60,높음,0.0,0.0%
동래모임장소,70,20,50,높음,0.9,1.51%
온천천스테이크,70,10,60,중간,0.0,0.0%
장산역점심특선,60,10,50,중간,0.5,1.05%
해운대회식장소,60,30,30,높음,0.3,0.95%
해운대단체회식,60,20,40,중간,0.0,0.0%
정관외식,60,10,50,중간,0.0,0.0%
기장외식,60,10,50,높음,0.0,0.0%
송정룸식당,60,10,50,중간,0.0,0.0%
부산강서구룸식당,60,10,50,높음,1.5,3.02%
미포술집,60,10,50,낮음,0.0,0.0%
부산송도상견례,60,10,50,중간,1.9,3.95%
부산한정식코스요리,60,10,50,중간,2.7,5.47%
서면대형술집,60,10,50,중간,2.0,4.26%
상모동소고기,60,10,50,중간,0.0,0.0%
동래단체회식,60,10,50,높음,1.3,2.13%
서면카페맛집,60,10,50,높음,0.0,0.0%
해운대이색맛집,60,10,50,중간,1.6,2.83%
복어사시미,60,10,50,높음,0.0,0.0%
부산해돋이명소,60,10,50,중간,0.3,0.57%
대연동일식,60,10,50,중간,0.0,0.0%
만덕가족탕,60,10,50,중간,0.4,0.69%
부산레스토랑프로포즈,60,20,40,중간,1.3,3.11%
송정해수욕장가볼만한곳,50,10,40,높음,0.0,0.0%
부산해운대일식집,50,10,40,높음,0.3,0.6%
부산맥주집,50,10,40,중간,0.0,0.0%
해운대고기뷔페,50,10,40,중간,0.5,1.09%
부산송정룸식당,50,10,40,높음,0.0,0.0%
해운대요트투어추천,50,10,40,높음,3.0,6.0%
달맞이고개횟집,50,10,40,중간,0.0,0.0%
해운대무라,50,10,40,중간,1.0,1.97%
동래구한우,50,10,40,높음,0.0,0.0%
부산송도코스요리,50,10,40,중간,1.9,9.53%
부산단체모임,50,10,40,중간,0.3,0.73%
서면이색술집,50,10,40,높음,0.3,0.52%
광안리단체횟집,50,10,40,높음,0.8,2.15%
남포동회식장소,50,30,20,높음,0.3,1.34%
부산서면핫플술집,50,10,40,높음,0.3,0.57%
사케전문점,50,10,40,높음,1.0,2.78%
수영구일식,50,10,40,높음,0.5,1.43%
해운대해수욕장밥집,50,10,40,높음,0.0,0.0%
부산송도일식,50,10,40,중간,0.0,0.0%
경성대점심특선,50,10,40,중간,0.0,0.0%
구룡포읍맛집,50,10,40,높음,0.5,1.4%
참치체인점,50,10,40,높음,1.8,4.77%
부산프러포즈,50,10,40,높음,3.1,7.36%
해운대프로포즈,50,10,40,높음,3.5,7.61%
밀면샵인샵,40,10,30,높음,1.5,5.89%
부산코스요리추천,40,10,30,높음,0.0,0.0%
부산오뎅탕,40,10,30,높음,0.5,1.39%
명지국제신도시점심특선,40,10,30,높음,0.0,0.0%
명지단체식당,40,10,30,높음,1.3,3.97%
부산강서구가족외식,40,10,30,높음,0.0,0.0%
해운대고급맛집,40,10,30,중간,1.8,5.11%
송정해수욕장고기집,40,10,30,중간,0.0,0.0%
해운대구청밥집,40,10,30,높음,0.0,0.0%
영도상견례,40,10,30,중간,1.0,2.54%
영도코스요리,40,10,30,높음,0.6,1.97%
부산저녁식사,40,10,30,높음,0.0,0.0%
해운대재송동맛집,40,10,30,높음,0.0,0.0%
블루라인파크카페,40,10,30,높음,0.3,0.85%
향남참치집,40,10,30,낮음,0.0,0.0%
부산광안리로컬맛집,40,10,30,중간,0.3,0.81%
제주도해삼,40,10,30,높음,0.3,0.72%
동래데이트맛집,40,10,30,높음,0.0,0.0%
하남미사참치,40,10,30,중간,0.0,0.0%
동래역회식,40,10,30,높음,0.3,0.86%
부산상견례맛집,40,10,30,높음,0.9,2.59%
용호동일식,40,10,30,중간,0.0,0.0%
부산서면해물탕,30,10,20,높음,0.0,0.0%
부산가족모임장소,30,10,20,높음,0.6,2.09%
부산기장데이트코스,30,10,20,중간,0.6,2.28%
송정와인,30,10,20,중간,0.0,0.0%
부산해운대주변맛집,30,10,20,높음,0.3,1.67%
전포동요리주점,30,10,20,높음,0.3,1.32%
동래구고기맛집,30,10,20,높음,0.3,1.39%
부산계모임장소,30,10,20,높음,0.6,3.28%
송정해수욕장볼거리,30,10,20,중간,0.0,0.0%
부산접대,30,10,20,높음,0.0,0.0%
부산원테이블,30,10,20,중간,2.2,9.1%
부산원테이블레스토랑,30,10,20,낮음,0.0,0.0%
부산어버이날식당,30,10,20,중간,0.0,0.0%
구미형곡동고기,30,10,20,높음,0.3,1.3%
민락동횟집추천,30,10,20,높음,0.3,0.8%
광안리하이볼맛집,30,10,20,높음,0.0,0.0%
장산역회식,30,20,10,높음,0.0,0.0%
해리단길핫플,30,10,20,높음,0.0,0.0%
동래2층,30,10,20,중간,5.8,21.43%
당감동물회,30,10,20,중간,0.0,0.0%
광안리이벤트,30,10,20,높음,0.4,1.73%
레스토랑창업,30,10,20,높음,0.5,1.93%
프로포즈부산,30,10,20,높음,1.5,6.53%
밀면서생,20,10,10,낮음,0.0,0.0%
해운대모임장소,20,10,10,중간,0.3,2.09%
부산송년회장소,20,10,10,높음,0.0,0.0%
부산크리스마스데이트,20,10,10,낮음,0.0,0.0%
부산가볼만한맛집,20,10,10,높음,0.6,4.66%
부산역회식장소,20,10,10,중간,0.0,0.0%
부산해운대회식,20,10,10,높음,0.0,0.0%
부산시강서구맛집,20,10,10,높음,0.0,0.0%
부산단체모임장소,20,10,10,낮음,0.3,1.79%
해운대추천맛집,20,10,10,높음,0.0,0.0%
부산크리스마스,20,10,10,높음,0.0,0.0%
명지동삼계탕,20,10,10,높음,0.0,0.0%
부산워크숍장소,20,10,10,높음,0.0,0.0%
부산동창회장소,20,10,10,높음,0.0,0.0%
부산송년회,20,10,10,높음,0.0,0.0%
해운대송년회,20,10,10,낮음,0.0,0.0%
부산연말모임,20,10,10,높음,0.0,0.0%
부산아이와함께가볼만한곳,20,10,10,높음,0.0,0.0%
동래구회식,20,10,10,높음,0.3,2.78%
동래역회식장소,20,10,10,높음,0.0,0.0%
금정구회식,20,10,10,중간,0.0,0.0%
부산외식장소,20,10,10,높음,0.0,0.0%
송정해수욕장저녁,20,10,10,중간,0.4,8.34%
부산중구회식장소,20,10,10,낮음,0.0,0.0%
온천장회식장소,20,10,10,중간,0.0,0.0%
부산회식장소추천,20,10,10,높음,0.3,1.86%
부산연말,20,10,10,낮음,0.0,0.0%
부산단체횟집,20,10,10,중간,0.0,0.0%
시흥회식장소,20,10,10,높음,0.3,2.0%
서면피로연,20,10,10,높음,1.9,12.97%
마린시티회식,20,10,10,중간,0.0,0.0%
센텀가족식사,20,10,10,중간,0.0,0.0%
센텀핫플,20,10,10,중간,0.0,0.0%
해운대연말모임,20,10,10,높음,0.0,0.0%
해운대점심식사,20,10,10,높음,0.3,1.86%
해운대해수욕장점심,20,10,10,높음,0.0,0.0%
막국수샵인샵,20,10,10,중간,1.1,8.34%
부산어린이집체험,20,10,10,중간,0.0,0.0%
방어배달,20,10,10,중간,0.5,2.71%
5월제철요리,20,10,10,높음,0.0,0.0%
홍대대하구이,20,10,10,낮음,0.0,0.0%
참치집창업,20,10,10,높음,1.0,6.67%
