메인키워드,자동완성_키워드 (Depth 1),해당_키워드의_연관검색어 (Depth 2)
부산 고기,부산 고기 맛집,"부산 양고기 맛집, 부산 돼지고기 맛집, 부산 고래고기 맛집, 부산 서면 고기 맛집, 부산 해운대 고기맛집, 부산 고기 무한리필 맛집, 부산 광안리 고기맛집, 부산 남천역 고기 맛집, 부산 우동 해운대역 맛집 고기, 부산역 고기 맛집"
부산 고기,부산 고기 무한리필,"부산 고기 무한리필 맛집, 부산 무한리필, 부산 고기뷔페"
부산 고기,부산 고기집,"부산시청 고기집, 부산 명지 고기집, 부산역 고기집, 부산 캠핑 고기집, 부산 서면 고기집, 부산 동래 고기집, 부산 송도 고기집, 부산 연산동 고기집, 부산 용호동 고기집, 부산시청 항정살 고기집"
부산 고기,부산 고깃집,(미제공)
부산 고기,부산 고기,(미제공)
부산 고기,부산 고기국수,(미제공)
부산 고기,부산 고기와집,(미제공)
부산 고기,부산 고기뷔페,부산 고기 무한리필
부산 고기,부산 고기형,(미제공)
부산 고기,부산 고기짬뽕,(미제공)
부산 라멘,부산 라멘 맛집,"부산 서면 라멘 맛집, 부산 일본 라멘 맛집, 부산 라멘, 부산 라멘 미슐랭, 부산 라면 맛집"
부산 라멘,부산 라멘,"부산라멘갤러리, 부산 라멘 맛집, 부산 라멘 미슐랭, 부산역 라멘, 부산 해운대 라멘, 부산 지로라멘, 부산 서면 라멘, 부산라멘갤, 부산 일본라멘, 부산 심야라멘"
부산 라멘,부산 라멘집,(미제공)
부산 라멘,부산 라멘 미슐랭,"부산 라멘, 부산 라멘 맛집"
부산 라멘,부산 라멘 갤러리,라멘갤러리
부산 라멘,부산 라멘야,(미제공)
부산 라멘,부산 라멘포차,(미제공)
부산 라멘,부산 라멘 맛집 순위,(미제공)
부산 라멘,부산 라멘 미쉐린,(미제공)
부산 라멘,부산 라멘 맛집 미슐랭,(미제공)
부산 중국,부산 중국집,"부산 중국집 맛집, 부산역 중국집, 부산 중국집 폭행, 부산 차이나타운 중국집, 부산시청 중국집, 부산역 중국집 맛집, 부산 명지 중국집, 부산 서면 중국집, 부산 용호동 중국집, 부산 중앙동 중국집"
부산 중국,부산 중국집 폭행,"부산 중국집, 부산중국집 감금, 부산 서구 중국집"
부산 중국,부산 중국집 맛집,"부산역 중국집 맛집, 부산 3대 중국집 맛집, 부산 차이나타운 맛집 중국집, 부산 중국집, 부산 탕수육 맛집"
부산 중국,부산 중국,(미제공)
부산 중국,부산 중국영사관,"부산 중국영사관 예약, 중국영사관"
부산 중국,부산 중국집 감금,"부산 중국집, 부산 중국집 폭행"
부산 중국,부산 중구기사식당,(미제공)
부산 중국,부산 중국어학원,(미제공)
부산 중국,부산 중국대사관,"중국대사관, 부산 대사관"
부산 중국,성시경 부산 중국집,(미제공)
부산 한식,부산 한식뷔페,"부산 서면 한식뷔페, 부산 한식뷔페 맛집, 부산 기장 한식뷔페, 부산역 한식뷔페, 부산 강서구 한식뷔페, 낙동한식뷔페 부산, 부산 해운대 한식뷔페, 부산 명지 한식뷔페, 부산 광안리 한식뷔페, 부산시청 한식뷔페"
부산 한식,부산 한식 맛집,"부산 서면 한식 맛집, 부산 한식뷔페 맛집, 부산 기장 맛집 한식, 부산 한식 맛집 미슐랭, 부산 해운대 한식 맛집, 부산 한식뷔페, 부산 한정식 맛집, 부산 한식, 부산 한식 오마카세"
부산 한식,부산 한식,"부산 한식뷔페, 부산 한식 맛집, 부산 서면 한식뷔페, 부산 서면 한식 맛집, 부산 한식 오마카세, 부산 한식뷔페 맛집, 부산 기장 맛집 한식, 부산 기장 한식뷔페, 부산역 한식, 부산역 한식뷔페"
부산 한식,부산 한식당,부산 한식 맛집
부산 한식,부산 한식집,(미제공)
부산 한식,부산 한식 오마카세,부산 한식 맛집
부산 한식,부산 한식뷔페 맛집,"부산 한식뷔페, 한식뷔페 맛집, 범일동 한식뷔페 맛집"
부산 한식,부산 한식다이닝,(미제공)
부산 한식,부산 한식 코스요리,한식 코스요리
부산 한식,부산 한식 파인다이닝,한식 파인다이닝
부산 양식,부산 양식 맛집,"부산 서면 양식 맛집, 양식 맛집, 부산 양식"
부산 양식,부산 양식,"부산 송도 양식, 부산 양식 맛집, 부산 서면 양식, 부산 광안리 양식, 부산 서면 양식 맛집, 부산 전포 양식, 부산역 양식, 부산 해운대 양식, 부산 양식집"
부산 양식,부산 양식집,(미제공)
부산 양식,부산 양식 코스요리,(미제공)
부산 양식,부산 양식 룸,(미제공)
부산 양식,부산 양식 코스,(미제공)
부산 양식,부산 양식 미슐랭,(미제공)
부산 양식,부산 양식 레스토랑,(미제공)
부산 양식,부산 양식 오마카세,(미제공)
부산 양식,부산 양식 뷔페,(미제공)
부산 파스타,부산 파스타 맛집,"부산 서면 파스타 맛집, 부산 기장 파스타 맛집, 부산 파스타, 해운대 파스타 맛집, 부산 생면파스타, 부산 파스타 블루리본"
부산 파스타,부산 파스타,"부산 송도 파스타, 부산 파스타 맛집, 부산 송도 파스타 디에이블, 부산 강서구 파스타, 부산시청 파스타, 부산 생면파스타, 부산역 파스타, 부산 영도 파스타, 부산 서면 파스타, 부산 서면 파스타 맛집"
부산 파스타,부산 파스타전문,(미제공)
부산 파스타,부산 파스타 블루리본,부산 파스타 맛집
부산 파스타,부산 파스타 주차,(미제공)
부산 파스타,부산 파스타빌라,(미제공)
부산 밥집,부산 밥집,"부산 광안리 밥집, 부산역 밥집, 부산시청 밥집, 부산 서면 밥집, 부산 송정 밥집, 부산 기장 밥집, 부산 명지 밥집, 부산 중앙동 밥집, 부산 사상 밥집, 부산 송도 밥집"
부산 밥집,부산 밥집 맛집,(미제공)
부산 밥집,부산 밥집 추천,(미제공)
부산 밥집,부산 밥집 24시,(미제공)
부산 밥집,부산 밥집 주차,(미제공)
부산 밥집,부산 밥집 주차장,(미제공)
부산 밥집,부산 밥집 가성비,(미제공)
부산 밥집,부산 밥집 내돈내산,(미제공)
부산 맛집,부산 맛집,"부산 맛집 추천, 부산 맛집 추천 리스트, 부산 맛집 해운대, 커넥트현대 부산 맛집, 부산 맛집 내돈내산, 부산 맛집 순위, 부산 맛집 리스트, 아난티 부산 맛집, 부산 맛집 광안리, 부산맛집피자"
부산 맛집,부산 맛집 추천,"부산 맛집 추천 리스트, 부산 맛집 추천 점심, 부산맛집, 부산 맛집 내돈내산, 부산 맛집 순위"
부산 맛집,부산 맛집 추천 리스트,"부산맛집 2025 추천 리스트, 부산 맛집 추천, 부산 맛집 리스트, 부산 맛집 순위, 부산 현지인 맛집"
부산 맛집,부산 맛집 해운대,"부산 맛집 해운대양념갈비, 부산 맛집 해운대돼지고기, 부산맛집, 해운대시장 맛집"
부산 맛집,부산 맛집 내돈내산,"부산맛집, 부산 맛집 추천"
부산 맛집,부산 맛집 순위,"부산맛집, 부산 맛집 추천, 부산 맛집 추천 리스트"
부산 맛집,부산 맛집 리스트,"부산 맛집 추천 리스트, 부산맛집 2025 추천 리스트, 부산맛집"
부산 맛집,부산 맛집 광안리,"부산 맛집 부산광안리생선구이, 부산맛집"
부산 맛집,커넥트현대 부산 맛집,(미제공)
부산 맛집,아난티 부산 맛집,"아난티 부산, 아난티 부산 식당"
